{"cameraMode":{"drawMode":0,"name":"Shaded","section":"Shading Mode"},"sceneLighting":true,"audioPlay":false,"sceneViewState":{"showFog":true,"showMaterialUpdate":false,"showSkybox":true,"showFlares":true,"showImageEffects":true,"showParticleSystems":true},"in2DMode":false,"pivot":{"x":20.32069969177246,"y":5.256056308746338,"z":0.6919190287590027},"rotation":{"x":-0.14634159207344056,"y":0.07618655264377594,"z":-0.011307788081467152,"w":-0.9862365126609802},"size":10.0,"orthographic":false}