{"cameraMode":{"drawMode":0,"name":"Shaded","section":"Shading Mode"},"sceneLighting":true,"audioPlay":false,"sceneViewState":{"showFog":false,"showMaterialUpdate":false,"showSkybox":true,"showFlares":false,"showImageEffects":false,"showParticleSystems":false},"in2DMode":false,"pivot":{"x":-29.247051239013673,"y":15.884754180908204,"z":18.42096519470215},"rotation":{"x":0.121693454682827,"y":0.789192795753479,"z":-0.16600310802459718,"w":0.5786504745483398},"size":9.99846076965332,"orthographic":false}